date,cardholder,merchant,amount,type,category,original_category
2025/04/14,SUMATHI RAJ,UBER *EATS HELP.UBER.COM CA,32.78,Purchase,DINING,OTHER
2025/04/15,SUMATHI RAJ,UBER *EATS HELP.UBER.COM CA,40.1,Purchase,DINING,OTHER
2025/04/14,SUMATHI RAJ,UBER *TRIP HELP.UBER.COM CA,71.61,Purchase,TRAVEL,OTHER
2025/04/14,SUMATHI RAJ,TESLA SERVICE US 877-7983752 CA,275.0,Purchase,AUTO,OTHER
2025/04/15,SUMATHI RAJ,UBER *EATS HELP.UBER.COM CA,44.5,Purchase,DINING,OTHER
2025/04/15,SUMATHI RAJ,UBER *EATS HELP.UBER.COM CA,33.38,Purchase,DINING,OTHER
2025/04/16,SUMATHI RAJ,APPLE.COM/BILL 866-712-7753 CA,2.99,Purchase,SERVICES,SUBSCRIPTIONS
2025/04/16,SUMATHI RAJ,ZIPLY FIBER INTERNET 866-699-4759 WA,95.0,Purchase,TELEPHONE,OTHER
2025/04/15,SUMATHI RAJ,4TE*CULLIGAN OF SAN DIEGO SAN DIEGO CA,51.5,Purchase,GROCERIES,OTHER
2025/04/16,SUMATHI RAJ,PROGRESSIVE INS 800-776-4737 OH,167.67,Purchase,INSURANCE,OTHER
2025/04/15,SUMATHI RAJ,SQ *SINGH IS KING Beaverton OR,26.4,Purchase,GROCERIES,OTHER
2025/04/17,SUMATHI RAJ,UBER *EATS HELP.UBER.COM CA,53.52,Purchase,DINING,OTHER
2025/04/16,SUMATHI RAJ,UBER *EATS HELP.UBER.COM CA,42.84,Purchase,DINING,OTHER
2025/04/15,SUMATHI RAJ,WALKER GARBAGE SERVICE 503-5316330 OR,46.42,Purchase,UTILITIES,OTHER
2025/04/16,SUMATHI RAJ,Amazon.com*B765V7VJ0 Amzn.com/bill WA,12.98,Purchase,SERVICES,SHOPPING
2025/04/17,SUMATHI RAJ,PROGRESSIVE INS 800-776-4737 OH,444.32,Purchase,INSURANCE,OTHER
2025/04/19,SUMATHI RAJ,UBER *TRIP HELP.UBER.COM CA,8.98,Purchase,TRAVEL,OTHER
2025/04/17,SUMATHI RAJ,NW NATURAL 8004224012 503-226-4211 OR,167.76,Purchase,UTILITIES,OTHER
2025/04/18,SUMATHI RAJ,UBER *TRIP HELP.UBER.COM CA,46.97,Purchase,TRAVEL,OTHER
2025/04/18,SUMATHI RAJ,UBER *TRIP HELP.UBER.COM CA,64.24,Purchase,TRAVEL,OTHER
2025/04/16,SUMATHI RAJ,INDIA SUPERMARKET BEAVERTON OR,75.95,Purchase,GROCERIES,OTHER
2025/04/18,SUMATHI RAJ,UBER *TRIP HELP.UBER.COM CA,16.58,Purchase,TRAVEL,OTHER
2025/04/18,SUMATHI RAJ,UBER *TRIP HELP.UBER.COM CA,16.52,Purchase,TRAVEL,OTHER
2025/04/18,SUMATHI RAJ,UBER *TRIP HELP.UBER.COM CA,14.98,Purchase,TRAVEL,OTHER
2025/04/19,SUMATHI RAJ,UBER *TRIP HELP.UBER.COM CA,27.4,Purchase,TRAVEL,OTHER
2025/04/20,SUMATHI RAJ,LYFT *1 RIDE 04-18 HELP.LYFT.COM CA,9.04,Purchase,TRAVEL,OTHER
2025/04/19,SUMATHI RAJ,UBER *EATS HELP.UBER.COM CA,29.33,Purchase,DINING,OTHER
2025/04/18,SUMATHI RAJ,SOUTHWES 5262151793336 800-435-9792 TX,293.4,Purchase,TRAVEL,OTHER
2025/04/20,SUMATHI RAJ,UBER *TRIP HELP.UBER.COM CA,11.33,Purchase,TRAVEL,OTHER
2025/04/20,SUMATHI RAJ,UBER *TRIP HELP.UBER.COM CA,33.99,Purchase,TRAVEL,OTHER
2025/04/20,SUMATHI RAJ,UBER *EATS HELP.UBER.COM CA,38.61,Purchase,DINING,OTHER
2025/04/21,SUMATHI RAJ,UBER *EATS HELP.UBER.COM CA,44.01,Purchase,DINING,OTHER
2025/04/21,SUMATHI RAJ,UBER *EATS HELP.UBER.COM CA,29.97,Purchase,DINING,OTHER
2025/04/22,SUMATHI RAJ,UBER *EATS HELP.UBER.COM CA,53.52,Purchase,DINING,OTHER
2025/04/22,SUMATHI RAJ,AMAZON PRIME*HK3S20FW3 Amzn.com/bill WA,16.15,Purchase,SERVICES,SHOPPING
2025/04/23,SUMATHI RAJ,UBER *EATS HELP.UBER.COM CA,42.25,Purchase,DINING,OTHER
2025/04/22,SUMATHI RAJ,UBER *EATS HELP.UBER.COM CA,44.81,Purchase,DINING,OTHER
2025/04/22,SUMATHI RAJ,UBER *EATS HELP.UBER.COM CA,36.0,Purchase,DINING,OTHER
2025/04/22,SUMATHI RAJ,TESLA SUBSCRIPTION US PALO ALTO CA,9.99,Purchase,AUTO,OTHER
2025/04/22,SUMATHI RAJ,COSTCO WHSE #0009 ALOHA OR,29.1,Purchase,GROCERIES,GROCERY
2025/04/21,SUMATHI RAJ,JOLLIBEE STOCKTON OR,17.48,Purchase,DINING,OTHER
2025/04/22,SUMATHI RAJ,MANILA MARKET BEAVERTON OR,22.55,Purchase,GROCERIES,OTHER
2025/04/23,SUMATHI RAJ,UBER *EATS HELP.UBER.COM CA,29.47,Purchase,DINING,OTHER
2025/04/23,SUMATHI RAJ,TARGET 00009100 BEAVERTON OR,1.79,Purchase,GROCERIES,GROCERY
2025/04/23,SUMATHI RAJ,BHAIS MEAT MARKET PORTLAND OR,24.35,Purchase,GROCERIES,OTHER
2025/04/25,SUMATHI RAJ,ODOT DMV2U 503-9455400 OR,566.0,Purchase,AUTO,OTHER
2025/04/25,SUMATHI RAJ,ODOT DMV2U 503-9455400 OR,1.5,Purchase,AUTO,OTHER
2025/04/23,SUMATHI RAJ,ROSS STORES #399 HILLSBORO OR,29.98,Purchase,MAINTENANCE,OTHER
2025/04/24,SUMATHI RAJ,IPHONE CITIZ*PMT 19 OF 24 888-2016306 CT,69.49,Purchase,SERVICES,OTHER
2025/04/25,SUMATHI RAJ,UBER *EATS HELP.UBER.COM CA,52.03,Purchase,DINING,OTHER
2025/04/27,SUMATHI RAJ,AMAZON MKTPL*BJ8RS3KV2 Amzn.com/bill WA,18.37,Purchase,SERVICES,SHOPPING
2025/04/27,SUMATHI RAJ,Cinemark 800-2463627 TX,11.99,Purchase,SERVICES,OTHER
2025/04/26,SUMATHI RAJ,TMOBILE*AUTO PAY 800-937-8997 WA,222.83,Purchase,GAS/FUEL,GAS/FUEL
2025/04/28,SUMATHI RAJ,SP BARE KNUCKLES BAREKNUCKLES. OR,325.64,Purchase,DINING,OTHER
2025/04/26,SUMATHI RAJ,ROSS STORES #1240 BEAVERTON OR,135.27,Purchase,MAINTENANCE,OTHER
2025/04/27,SUMATHI RAJ,UBER *EATS HELP.UBER.COM CA,29.47,Purchase,DINING,OTHER
2025/04/28,SUMATHI RAJ,AMICA MUTUAL INS WWW.AMICA.COM RI,111.75,Purchase,INSURANCE,OTHER
2025/04/27,SUMATHI RAJ,AMAZON MKTPL*BJ5PF9RM2 Amzn.com/bill WA,24.99,Purchase,SERVICES,SHOPPING
2025/04/28,SUMATHI RAJ,UBER *EATS HELP.UBER.COM CA,30.71,Purchase,DINING,OTHER
2025/04/27,SUMATHI RAJ,WHOLEFDS HIL 10072 SAN DIEGO CA,110.5,Purchase,GROCERIES,OTHER
2025/04/29,SUMATHI RAJ,LYFT *RIDE TUE 10AM HELP.LYFT.COM CA,15.25,Purchase,TRAVEL,OTHER
2025/04/28,SUMATHI RAJ,MAYO CHIROPRACTIC 184-43105263 CA,65.0,Purchase,MEDICAL,OTHER
2025/04/27,SUMATHI RAJ,ROSS STORES #399 HILLSBORO OR,81.98,Purchase,MAINTENANCE,OTHER
2025/04/27,SUMATHI RAJ,CPK T-2 EAST SAN SAN DIEGO CA,4.67,Purchase,GROCERIES,OTHER
2025/04/28,SUMATHI RAJ,LYFT *STANDARD 04-28 LYFT.COM CA,17.55,Purchase,TRAVEL,OTHER
2025/04/29,SUMATHI RAJ,LYFT *CANCEL FEE HELP.LYFT.COM CA,3.25,Purchase,TRAVEL,OTHER
2025/04/28,SUMATHI RAJ,LYFT *AIRPORT 04-27 LYFT.COM CA,33.3,Purchase,TRAVEL,OTHER
2025/04/29,SUMATHI RAJ,UBER *EATS HELP.UBER.COM CA,62.17,Purchase,DINING,OTHER
2025/04/29,SUMATHI RAJ,UBER *EATS HELP.UBER.COM CA,32.23,Purchase,DINING,OTHER
2025/04/30,SUMATHI RAJ,APPLE.COM/BILL 866-712-7753 CA,33.98,Purchase,SERVICES,SUBSCRIPTIONS
2025/04/30,SUMATHI RAJ,LYFT *1 RIDE 04-28 HELP.LYFT.COM CA,12.7,Purchase,TRAVEL,OTHER
2025/04/29,SUMATHI RAJ,COSTCO WHSE #0488 SAN DIEGO CA,253.36,Purchase,GROCERIES,GROCERY
2025/04/29,SUMATHI RAJ,BALBOA INTERNATIONAL MAR SAN DIEGO CA,42.54,Purchase,GROCERIES,OTHER
2025/04/30,SUMATHI RAJ,LYFT *COMFORT 04-28 LYFT.COM CA,24.6,Purchase,TRAVEL,OTHER
2025/04/29,SUMATHI RAJ,MR. BAKLAVA SAN DIEGO CA,26.59,Purchase,GROCERIES,OTHER
2025/05/01,SUMATHI RAJ,AMAZON MKTPL*BS5827KU0 Amzn.com/bill WA,59.25,Purchase,SERVICES,SHOPPING
2025/05/01,SUMATHI RAJ,LYFT *COMFORT 04-30 LYFT.COM CA,39.97,Purchase,TRAVEL,OTHER
2025/05/01,SUMATHI RAJ,AMAZON MKTPL*BS2U687V0 Amzn.com/bill WA,12.92,Purchase,SERVICES,SHOPPING
2025/04/29,SUMATHI RAJ,SWA*EXCS_BAG5264325874695 800-435-9792 TX,45.0,Purchase,GROCERIES,OTHER
2025/04/30,SUMATHI RAJ,UBER *TRIP HELP.UBER.COM CA,33.36,Purchase,TRAVEL,OTHER
2025/04/30,SUMATHI RAJ,LYFT *COMFORT 04-29 LYFT.COM CA,48.32,Purchase,TRAVEL,OTHER
2025/04/30,SUMATHI RAJ,UBER *TRIP HELP.UBER.COM CA,36.94,Purchase,TRAVEL,OTHER
2025/04/30,SUMATHI RAJ,APPLE.COM/BILL 866-712-7753 CA,37.95,Purchase,SERVICES,SUBSCRIPTIONS
2025/05/01,SUMATHI RAJ,LYFT *RIDE WED 6PM HELP.LYFT.COM CA,28.21,Purchase,TRAVEL,OTHER
2025/05/01,SUMATHI RAJ,LYFT *COMFORT 04-30 LYFT.COM CA,33.97,Purchase,TRAVEL,OTHER
2025/04/30,SUMATHI RAJ,APPLE.COM/BILL 866-712-7753 CA,5.99,Purchase,SERVICES,SUBSCRIPTIONS
2025/04/30,SUMATHI RAJ,WHOLEFDS HIL 10072 SAN DIEGO CA,184.89,Purchase,GROCERIES,OTHER
2025/05/01,SUMATHI RAJ,LYFT *GREEN 05-01 LYFT.COM CA,33.93,Purchase,TRAVEL,OTHER
2025/05/01,SUMATHI RAJ,LYFT *INCREASE TIP LYFT.COM CA,6.79,Purchase,TRAVEL,OTHER
2025/05/02,SUMATHI RAJ,AMAZON MKTPL*BS77I3YS0 Amzn.com/bill WA,69.99,Purchase,SERVICES,SHOPPING
2025/05/01,SUMATHI RAJ,TARGET 00014100 SAN DIEGO CA,214.09,Purchase,GROCERIES,GROCERY
2025/05/01,SUMATHI RAJ,Kindle Unltd*732G10GE3 888-802-3080 WA,11.99,Purchase,SERVICES,OTHER
2025/05/02,SUMATHI RAJ,AMAZON MKTPL*BV9T528B2 Amzn.com/bill WA,7.99,Purchase,SERVICES,SHOPPING
2025/05/02,SUMATHI RAJ,USPS PO 0567380111 SAN DIEGO CA,3.99,Purchase,GROCERIES,OTHER
2025/05/02,SUMATHI RAJ,FASHION VALLEY GAS MART SAN DIEGO CA,75.0,Purchase,GROCERIES,GAS/FUEL
2025/05/02,SUMATHI RAJ,MIRAMAR CASH & CARRY SAN DIEGO CA,71.37,Purchase,GROCERIES,OTHER
2025/05/01,SUMATHI RAJ,YSI*Rivair Apartment Home 619-6494924 CA,3273.47,Purchase,SERVICES,OTHER
2025/05/02,SUMATHI RAJ,AMAZON MKTPL*BV80028I2 Amzn.com/bill WA,7.99,Purchase,SERVICES,SHOPPING
2025/05/02,SUMATHI RAJ,AMAZON MKTPL*BJ3FC5BP1 Amzn.com/bill WA,7.99,Purchase,SERVICES,SHOPPING
2025/04/30,SUMATHI RAJ,FOODA CHICAGO IL,14.54,Purchase,GROCERIES,OTHER
2025/05/02,SUMATHI RAJ,AMAZON MKTPL*BV1U83862 Amzn.com/bill WA,21.54,Purchase,SERVICES,SHOPPING
2025/05/02,SUMATHI RAJ,Amazon Grocery Subscri 888-280-4331 WA,9.99,Purchase,SERVICES,SHOPPING
2025/05/02,SUMATHI RAJ,AMAZON MKTPL*BV15T38R2 Amzn.com/bill WA,59.25,Purchase,SERVICES,SHOPPING
2025/05/02,SUMATHI RAJ,RPS*Westland Ave Ap RD 800-7040154 MA,2007.5,Purchase,SERVICES,OTHER
2025/05/02,SUMATHI RAJ,USPS PO 0567380111 SAN DIEGO CA,24.8,Purchase,GROCERIES,OTHER
2025/05/01,SUMATHI RAJ,UBER *TRIP HELP.UBER.COM CA,26.5,Purchase,TRAVEL,OTHER
2025/05/01,SUMATHI RAJ,FOODA CHICAGO IL,3.03,Purchase,GROCERIES,OTHER
2025/05/02,SUMATHI RAJ,KUNDUZ MARKET SAN DIEGO CA,19.5,Purchase,GROCERIES,OTHER
2025/05/01,SUMATHI RAJ,FOODA CNP 312-6603250 IL,14.71,Purchase,DINING,OTHER
2025/05/02,SUMATHI RAJ,AZTECA MEXICAN MARKET SAN DIEGO CA,21.23,Purchase,GROCERIES,OTHER
2025/05/05,SUMATHI RAJ,UBER *ONE MEMBERSHIP UBER.COM/BILL CA,9.99,Purchase,DINING,OTHER
2025/05/04,SUMATHI RAJ,WHOLEFDS HIL 10072 SAN DIEGO CA,36.73,Purchase,GROCERIES,OTHER
2025/05/04,SUMATHI RAJ,TEMP FRESH ATTRACTINS SAN DIEGO CA,6.54,Purchase,GROCERIES,OTHER
2025/05/05,SUMATHI RAJ,LYFT *AIRPORT 05-04 LYFT.COM CA,29.91,Purchase,TRAVEL,OTHER
2025/05/05,SUMATHI RAJ,TESLAFI.COM TESLAFI.COM IL,7.99,Purchase,AUTO,OTHER
2025/05/05,SUMATHI RAJ,UBER *TRIP HELP.UBER.COM CA,36.14,Purchase,TRAVEL,OTHER
2025/05/05,SUMATHI RAJ,UBER *TRIP HELP.UBER.COM CA,11.81,Purchase,TRAVEL,OTHER
2025/05/05,SUMATHI RAJ,PORTLAND GENERAL ELECTRIC 800-542-8818 OR,309.54,Purchase,UTILITIES,UTILITIES
2025/05/06,SUMATHI RAJ,"PP*Rogue Spine Center, LL PORTLAND OR",75.0,Purchase,MEDICAL/HEALTH,OTHER
2025/05/06,SUMATHI RAJ,CVS/PHARMACY #11150 PORTLAND OR,52.59,Purchase,MEDICAL/HEALTH,OTHER
2025/05/06,SUMATHI RAJ,CVS/PHARMACY #11150 PORTLAND OR,11.38,Purchase,MEDICAL/HEALTH,OTHER
2025/05/07,SUMATHI RAJ,SQ *INN THE DOG HAUS LLC Portland OR,138.0,Purchase,DINING,OTHER
2025/05/07,SUMATHI RAJ,AMAZON MKTPL*BV5LI85A1 Amzn.com/bill WA,29.99,Purchase,SERVICES,SHOPPING
2025/05/08,SUMATHI RAJ,AMAZON MKTPL*BV0W57HE1 Amzn.com/bill WA,101.97,Purchase,SERVICES,SHOPPING
2025/05/07,SUMATHI RAJ,GYRO FRESH PORTLAND OR,18.4,Purchase,DINING,OTHER
2025/05/07,SUMATHI RAJ,AMAZON MKTPL*BV2RO1MR1 Amzn.com/bill WA,28.25,Purchase,SERVICES,SHOPPING
2025/05/08,SUMATHI RAJ,LOVELY NAILS AND SPA LLC HILLSBORO OR,172.0,Purchase,MAINTENANCE,OTHER
2025/05/08,SUMATHI RAJ,AMAZON MKTPL*BF5P308T2 Amzn.com/bill WA,8.11,Purchase,SERVICES,SHOPPING
2025/05/10,SUMATHI RAJ,PIZZA THIEF 503-719-7778 OR,71.14,Purchase,DINING,RESTAURANT
2025/05/09,SUMATHI RAJ,COSTCO WHSE #0009 ALOHA OR,270.71,Purchase,GROCERIES,GROCERY
2025/05/08,SUMATHI RAJ,MARSHALLS #855 HILLSBORO OR,214.86,Purchase,MAINTENANCE,OTHER
2025/05/09,SUMATHI RAJ,AMAZON MKTPL*BV2JT59N1 Amzn.com/bill WA,18.53,Purchase,SERVICES,SHOPPING
2025/05/08,SUMATHI RAJ,ROSS STORES #1038 BEAVERTON OR,78.61,Purchase,MAINTENANCE,OTHER
2025/05/08,SUMATHI RAJ,HOMEGOODS #433 BEAVERTON OR,87.43,Purchase,GROCERIES,OTHER
2025/05/09,SUMATHI RAJ,UBER *TRIP HELP.UBER.COM CA,32.5,Purchase,TRAVEL,OTHER
2025/05/09,SUMATHI RAJ,UBER *TRIP HELP.UBER.COM CA,37.72,Purchase,TRAVEL,OTHER
2025/05/09,SUMATHI RAJ,NEW SEASONS MARKET BEAVERTON OR,51.97,Purchase,GROCERIES,OTHER
2025/05/08,SUMATHI RAJ,AMAZON MKTPL*BV4UO1S71 Amzn.com/bill WA,63.93,Purchase,SERVICES,SHOPPING
2025/05/08,SUMATHI RAJ,AMAZON MKTPL*BV2507S71 Amzn.com/bill WA,31.99,Purchase,SERVICES,SHOPPING
2025/05/09,SUMATHI RAJ,SQ *BRODER SODER Portland OR,65.6,Purchase,DINING,OTHER
2025/05/10,SUMATHI RAJ,LYFT *1 RIDE 05-07 HELP.LYFT.COM CA,3.97,Purchase,TRAVEL,OTHER
2025/05/10,SUMATHI RAJ,AMAZON MKTPL*BF1ZA5OD1 Amzn.com/bill WA,56.98,Purchase,SERVICES,SHOPPING
2025/05/11,SUMATHI RAJ,MY FAVORITE MUFFIN 503-5338677 OR,17.0,Purchase,DINING,OTHER
2025/05/11,SUMATHI RAJ,NEW SEASONS MARKET BEAVERTON OR,120.99,Purchase,GROCERIES,OTHER
2025/05/11,SUMATHI RAJ,TST* DOUGH ZONE - BEAVERT BEAVERTON OR,88.11,Purchase,DINING,OTHER
2025/05/11,SUMATHI RAJ,FRED-MEYER #0482 BEAVERTON OR,11.24,Purchase,GROCERIES,OTHER
2025/05/12,SUMATHI RAJ,AMAZON MKTPL*BF2FI3EJ1 Amzn.com/bill WA,18.0,Purchase,SERVICES,SHOPPING
2025/05/11,SUMATHI RAJ,COSTCO WHSE #0009 ALOHA OR,26.37,Purchase,GROCERIES,GROCERY
2025/05/13,SUMATHI RAJ,STARBUCKS 8007827282 800-782-7282 WA,25.0,Purchase,DINING,RESTAURANT
2025/05/12,SUMATHI RAJ,STUMPTOWN COFFEE T/E 518 PORTLAND OR,16.99,Purchase,DINING,OTHER
2025/05/13,SUMATHI RAJ,CVS/PHARMACY #11150 PORTLAND OR,13.6,Purchase,MEDICAL/HEALTH,OTHER
2025/05/11,SUMATHI RAJ,LATE FEE,40.0,Fee,CC FEES,CC FEES
2025/04/13,SUMATHI RAJ,ROSS STORES #1157 PORTLAND OR,-34.97,Credit,MAINTENANCE,OTHER
2025/04/22,SUMATHI RAJ,COSTCO WHSE #0009 ALOHA OR,-28.98,Credit,GROCERIES,GROCERY
2025/04/27,SUMATHI RAJ,ROSS STORES #399 HILLSBORO OR,-79.96,Credit,MAINTENANCE,OTHER
2025/05/03,SUMATHI RAJ,TARGET 00014100 SAN DIEGO CA,-59.97,Credit,GROCERIES,GROCERY
2025/05/03,SUMATHI RAJ,COSTCO WHSE #0488 SAN DIEGO CA,-38.77,Credit,GROCERIES,GROCERY
2025/05/11,SUMATHI RAJ,Late Fee Reversal,-40.0,Credit,CC FEES,OTHER
2025/01/01,SYSTEM ADJUSTMENT,UNMATCHED PURCHASES/FEES,242.65000000000327,Purchase,OTHER,
